{"mean": [403.27601263136773, 0.0, 0.0, 0.0, 182.2066698560163, 2.154593435083875, 0.3088820815136036, 191.04439883331534, 0.0, 0.40724008086544544, 0.15475161653729225, 1.8577485763669193, 0.15278785166437753, 0.028742727511227025, 0.6942043858701523, 3.573492646491458, 0.7020054321825954, 29.92714007932221, 6.088369419281162, 2.436407197641939, 0.38786863994814735, 8.030019753391256, 192.7113072732604, 60868.352659763266, 0.0, 1184318428.6177256, 7015.501809441504, 0.0, 0.0, 0.0, 5907.7838816957055, 0.0, 0.0, 3.69904242349419, 281.0480987360916, 3383.979490424235, 0.0, 102.81451874257318, 45.4946218305838, 49.25930569916203, 79.21605657494715, 0.0, 45.4946218305838, 939.8191368693962, 134382.11685365514, 12.728267411534128, 0.7921148474513495, 45.4946218305838, 0.42793484467352894, 1236303128.1346934, 148696.52771261902, 1.5661159894442815, 0.6409898300899706, 0.0, 0.0], "scale": [490.7963830707713, 1.0, 1.0, 1.0, 7005.9502711831565, 85.73810430057017, 27.828553405902444, 7043.213001573552, 1.0, 11.648191306159442, 9.133632279775599, 64.14678802500723, 4.6007497221376905, 0.8979552646483486, 12.289287189670386, 19.085897664977477, 13.138865209735, 577.8029926463574, 109.62288273086871, 65.895116621359, 2.1094710493668414, 53.87217109883989, 302.11309106929946, 586536.1319508265, 1.0, 1494288885.3651364, 9303.24342672919, 1.0, 1.0, 1.0, 7723.5846424628935, 1.0, 1.0, 29.260292115428403, 358.46746722412064, 4874.223342009693, 1.0, 233.20230529123748, 57.43452103734137, 63.67366902510552, 122.03119092625911, 1.0, 57.43452103734137, 2006.3222968791165, 169648.3645204305, 36.47780294163721, 8.679897060974254, 57.43452103734137, 1.4464852893456297, 1559879475.5374324, 187720.488866471, 2.041041697329619, 2.1821806712240592, 1.0, 1.0]}